lr,criterion,optimizer,scheduler,val_f1,trial,history,dataloader
0.001,CE,sgd,step_lr,0.9917163765860262,1,"{""train_loss"": [0.25388121747190046, 0.05737278163934215, 0.03197095258344364, 0.02271602644726573, 0.015869881348012965, 0.01060243074160133, 0.008844363445883054, 0.004548477972608149, 0.003092731010838006, 0.0024941900505717793, 0.002146686468042736, 0.0021430718103051948, 0.001840713096198063, 0.0016648415228037916, 0.0015511810571476113, 0.001434582669157126, 0.0013264937136244564, 0.0015166104630065353, 0.0015144945874066946, 0.0014602666319868235], ""val_loss"": [0.07791485075130024, 0.03826959358157667, 0.06442075034924588, 0.03947145420882427, 0.0339814577345474, 0.03130901780604576, 0.030584847445665482, 0.025962509759831297, 0.02679379535543946, 0.025937291154743282, 0.027554690625022582, 0.026847406560259957, 0.02657525659177016, 0.028734560473723372, 0.028125211859813398, 0.027194355493349833, 0.027226182696771427, 0.027135270813916243, 0.027229045545249266, 0.027636611109689475], ""train_acc"": [0.8918095238095238, 0.9768928571428571, 0.9873571428571429, 0.9912500000000001, 0.9939404761904762, 0.9960714285714286, 0.9968333333333333, 0.9988452380952382, 0.9992261904761905, 0.9994166666666667, 0.9995714285714286, 0.9994642857142857, 0.9995595238095238, 0.9996904761904762, 0.9996547619047619, 0.9997857142857143, 0.9998214285714286, 0.9997738095238096, 0.9996190476190476, 0.9997142857142858], ""val_acc"": [0.9683333333333334, 0.9842777777777778, 0.9715, 0.9867222222222223, 0.9876666666666667, 0.9895, 0.9889444444444445, 0.9906666666666667, 0.9904444444444445, 0.9910555555555556, 0.9908333333333333, 0.9911666666666668, 0.9913333333333334, 0.9910555555555556, 0.9911111111111112, 0.9914444444444445, 0.9913333333333334, 0.9913333333333334, 0.9914444444444445, 0.9917222222222223], ""train_f1"": [0.8894089646725295, 0.9768746300589227, 0.9873549334461066, 0.9912510410468187, 0.9939412931939442, 0.9960722383930807, 0.9968339359337688, 0.9988453571758935, 0.9992262088980336, 0.9994166805539022, 0.9995714353736098, 0.9994642984678693, 0.9995595342958037, 0.9996904761904762, 0.9996547427195392, 0.9997857244873667, 0.9998214356561905, 0.9997738220864572, 0.9996190717988231, 0.9997142902490732], ""val_f1"": [0.9685199279208193, 0.9842968767674853, 0.9719397153820118, 0.9866654765878611, 0.9876389529606094, 0.9894744160336094, 0.9889391085683719, 0.9906652829259887, 0.9904444444444445, 0.9910492391298673, 0.9908377363015756, 0.9911676476030382, 0.9913339750709191, 0.9910398494636778, 0.9911025101235995, 0.9914361659939644, 0.9913326911202104, 0.9913339750709191, 0.9914425410961724, 0.9917163765860262]}",no_augm
0.0001,CE,sgd,step_lr,0.9485663280127727,2,"{""train_loss"": [0.4249679637295859, 0.29533927097490853, 0.24664348361038027, 0.21368765027750106, 0.18869137919658707, 0.16602272606321744, 0.14183682117114466, 0.11996812613592261, 0.11484886433006752, 0.11199556292167731, 0.1098786365116636, 0.1054267614865232, 0.1035714089799495, 0.09954567913267584, 0.09643676206363098, 0.09869906252285554, 0.09564070608112074, 0.09664390651278552, 0.09582460365284766, 0.09564738865870805], ""val_loss"": [0.32723704646693336, 0.2612839244769679, 0.22793279537889694, 0.20481689926816357, 0.18421442495452034, 0.17740613605702918, 0.15420989326429035, 0.14606967162837584, 0.14476499697648817, 0.13920640342889562, 0.13655283336879478, 0.13512037505913113, 0.1293255171208746, 0.12837454480553667, 0.13060107013355526, 0.1273830779020985, 0.1268799356609169, 0.12763061042709484, 0.13278169044645297, 0.1269408639040258], ""train_acc"": [0.8071190476190476, 0.8753452380952381, 0.897702380952381, 0.9111785714285715, 0.9228095238095239, 0.9323452380952382, 0.9426666666666667, 0.9525714285714286, 0.9544761904761905, 0.9554880952380953, 0.9565, 0.9579047619047619, 0.9594404761904762, 0.960452380952381, 0.9620000000000001, 0.9607380952380953, 0.9622738095238096, 0.9616428571428571, 0.9624404761904762, 0.9625595238095238], ""val_acc"": [0.8607222222222223, 0.8923333333333334, 0.9051111111111112, 0.9140555555555556, 0.9236666666666667, 0.9269444444444445, 0.9371666666666667, 0.9396666666666668, 0.9396111111111112, 0.9425555555555556, 0.9443333333333334, 0.9448888888888889, 0.9472222222222223, 0.9483333333333334, 0.9469444444444445, 0.948388888888889, 0.9481666666666667, 0.9485, 0.9448333333333334, 0.948388888888889], ""train_f1"": [0.7839867601503898, 0.871416762254747, 0.8953919741071132, 0.9096692482213721, 0.9217273715828246, 0.9316119889540615, 0.9422363748403486, 0.9522629789316346, 0.9541855104132294, 0.9552498629219611, 0.9562936513698338, 0.9576868470551705, 0.9592585133882524, 0.9602857640674738, 0.9618373886500309, 0.9605713831917383, 0.9621189200249997, 0.9614844264795371, 0.9622943299291238, 0.9624181596524692], ""val_f1"": [0.8517909577095412, 0.8885021195572055, 0.902875371181607, 0.9135814324623217, 0.9230859631053709, 0.9259431113480419, 0.9362470863669807, 0.9395811533501108, 0.9396667685016649, 0.9423828086188738, 0.9441955854795063, 0.9447858817212075, 0.9470109112479832, 0.9478782001387885, 0.9470668051486053, 0.9482709610348241, 0.9482447812793956, 0.9485663280127727, 0.9452441612169059, 0.9484553600041703]}",no_augm
0.001,CE,sgd,plateau_lr,0.9915003147565213,3,"{""train_loss"": [0.25625832572189117, 0.05756611634181103, 0.032503028013460736, 0.022698696001940074, 0.015405343271101065, 0.01056692354027369, 0.008933465325123723, 0.0059624343115813085, 0.005528113594469081, 0.0055021664937828845, 0.0036571819776059305, 0.0037122060686980104, 0.0028333413638657215, 0.0011389345707011889, 0.0010072583398478053, 0.0008346117486858995, 0.0006558271797071679, 0.000618735872356367, 0.0005364860386185585, 0.0006228854996189251], ""val_loss"": [0.10152529629050858, 0.03531661299341229, 0.03214591140063693, 0.02578316321964414, 0.03052270569267825, 0.03692430432815703, 0.035485563172383425, 0.03933349888573461, 0.03397354893087653, 0.04386598311635272, 0.04690188634001504, 0.047098594188162944, 0.03406461542539506, 0.034317061706881764, 0.032548202824398284, 0.03527413225728922, 0.03243359292784626, 0.03402715478290505, 0.03451812827152526, 0.037397157868145944], ""train_acc"": [0.8896785714285714, 0.9771666666666667, 0.9868095238095238, 0.9908214285714286, 0.9941190476190477, 0.9960833333333333, 0.9968452380952382, 0.9978571428571429, 0.9981547619047619, 0.9981666666666666, 0.9987619047619047, 0.9987857142857143, 0.9990833333333333, 0.9997738095238096, 0.9997857142857143, 0.9998690476190476, 0.9999285714285715, 0.9998928571428571, 0.999904761904762, 0.9999285714285715], ""val_acc"": [0.9571666666666667, 0.9860555555555556, 0.9862222222222222, 0.9889444444444445, 0.9890000000000001, 0.9861666666666667, 0.9875, 0.9856666666666667, 0.9887777777777779, 0.9876111111111111, 0.9887777777777779, 0.9868888888888889, 0.9898888888888889, 0.9901111111111112, 0.9909444444444445, 0.9906111111111111, 0.9915, 0.9912222222222222, 0.9910555555555556, 0.9909444444444445], ""train_f1"": [0.8871054187697687, 0.9771502987861382, 0.9868057497141699, 0.9908228115985872, 0.9941194208943314, 0.9960834887257789, 0.9968456634506783, 0.9978573468416178, 0.9981548351139689, 0.998167015540603, 0.9987618654510547, 0.9987857528283487, 0.9990834278612765, 0.9997738184978414, 0.9997857142857143, 0.9998690465797019, 0.9999285702946945, 0.9998928579931635, 0.9999047603929262, 0.9999285736957852], ""val_f1"": [0.9577271953313342, 0.9860130897809989, 0.9862742802060452, 0.9889594912115087, 0.9889819273889031, 0.9862194273722358, 0.9875288284381532, 0.9857146813855504, 0.9887761139943432, 0.9875676966966208, 0.9887397414529197, 0.9868888888888889, 0.9898956071993585, 0.9901125750469046, 0.9909487940433748, 0.9905988611775588, 0.9915003147565213, 0.991215696036426, 0.9910479036891702, 0.9909339874591117]}",no_augm
0.0001,CE,sgd,plateau_lr,0.9855746868629915,4,"{""train_loss"": [0.42646046324570974, 0.29716479254620415, 0.24629559621356784, 0.21321159079245158, 0.1869842094764823, 0.16361494535952806, 0.1427978371232748, 0.1139896100324889, 0.08200172793936161, 0.06044779928254762, 0.04955809104420422, 0.04050646909663365, 0.03522172661915067, 0.030363177807591412, 0.02719281647163665, 0.023844359881898744, 0.021360686310289784, 0.018811106970777647, 0.01784014910333679, 0.015515773746980509], ""val_loss"": [0.3272960446808073, 0.2616102999448776, 0.22914967698189947, 0.2064516609493229, 0.18962629623214403, 0.1736730376266771, 0.15695134058097998, 0.12213875894600318, 0.08635023229703721, 0.06824166084528487, 0.059129697339551056, 0.053210410914982076, 0.04923014895460478, 0.04728262384415494, 0.04562143080254706, 0.04392831167947992, 0.042027074600981804, 0.04424684483528836, 0.042974075507251956, 0.040593304109489005], ""train_acc"": [0.8079880952380952, 0.8740476190476191, 0.8974166666666666, 0.9115357142857143, 0.9233928571428571, 0.934, 0.942047619047619, 0.953702380952381, 0.9670357142857143, 0.9772619047619048, 0.9813690476190476, 0.9848333333333333, 0.9870357142857143, 0.9886190476190476, 0.989952380952381, 0.9915, 0.9923809523809524, 0.9934166666666667, 0.9937380952380953, 0.9946309523809524], ""val_acc"": [0.8614444444444445, 0.8906666666666667, 0.9044444444444445, 0.9134444444444445, 0.9208333333333334, 0.9276666666666668, 0.934, 0.9495555555555556, 0.9658888888888889, 0.9728333333333333, 0.9770555555555556, 0.9801111111111112, 0.9802777777777778, 0.9815, 0.9828888888888889, 0.9834444444444445, 0.9839444444444445, 0.9837777777777779, 0.9835555555555556, 0.9855555555555556], ""train_f1"": [0.7837079134509998, 0.8701525973188898, 0.8951712186063485, 0.9100847848967858, 0.9223912612167485, 0.9333637217057704, 0.9416008092841588, 0.9534854541669185, 0.9669608390955445, 0.9772364994461217, 0.9813534569940572, 0.9848287523564324, 0.9870314888789932, 0.9886143410156338, 0.9899480655922307, 0.9914968911554887, 0.9923784084619361, 0.9934163008243165, 0.9937376975306034, 0.9946314209027755], ""val_f1"": [0.8569378841996529, 0.8865896014491431, 0.9048054917516041, 0.9136597089659259, 0.9198869941797547, 0.9279348144627818, 0.9344072699461758, 0.9496773665970846, 0.9659115539582757, 0.9728303131373756, 0.9770204484045114, 0.9801007715810273, 0.9802916076356337, 0.9815466776546717, 0.9828710517736565, 0.9834554447549938, 0.9839674689355044, 0.9837596526589433, 0.9836141696919715, 0.9855746868629915]}",no_augm
0.001,CE,adam,step_lr,0.9937851086968802,5,"{""train_loss"": [0.21062878444258656, 0.06671543818789845, 0.05441993812507662, 0.04999494023161935, 0.04400624359443429, 0.04073363992918721, 0.03562038740317361, 0.01983000357931966, 0.01619479840137337, 0.014380381338787003, 0.013628654621844238, 0.012713298160505043, 0.012155257950388125, 0.011815056414575812, 0.009493966674548321, 0.008855513582176448, 0.008347646275279532, 0.008257733017444785, 0.007833432683678677, 0.007711227143483999], ""val_loss"": [0.1503862162203166, 0.057039788274383885, 0.049261209941967816, 0.04665585719271783, 0.03387092691192978, 0.03904956610359336, 0.03359153500121202, 0.018016834289641553, 0.01741355554108255, 0.021001617625386586, 0.016429034278752377, 0.014964283063838789, 0.019615870068500935, 0.015612060573272434, 0.01589497979042117, 0.01557654972103495, 0.016012936647015256, 0.01621116728107032, 0.016239752235828776, 0.016461148802814313], ""train_acc"": [0.9060119047619047, 0.9695357142857143, 0.9745952380952381, 0.9768095238095238, 0.9792738095238096, 0.9810952380952381, 0.9833095238095239, 0.9905476190476191, 0.9926190476190476, 0.9931785714285715, 0.9935952380952381, 0.9936785714285714, 0.9943095238095239, 0.9947142857142858, 0.9957857142857143, 0.996, 0.9962857142857143, 0.9962738095238095, 0.9967619047619047, 0.9966071428571429], ""val_acc"": [0.9357222222222222, 0.9742777777777778, 0.9777222222222223, 0.9782222222222222, 0.9842777777777778, 0.9813333333333334, 0.9837222222222223, 0.991, 0.9914444444444445, 0.9905, 0.9918333333333333, 0.992388888888889, 0.9918333333333333, 0.9926666666666667, 0.9932222222222222, 0.993388888888889, 0.9934444444444445, 0.9937777777777779, 0.993388888888889, 0.993], ""train_f1"": [0.9030888429633286, 0.9694352075931657, 0.9745863510870737, 0.9768124667627859, 0.9792877443988937, 0.9811196846974013, 0.9833399739001115, 0.9905691256542951, 0.9926302094297726, 0.9931872321953958, 0.9936045230473382, 0.9936844141390375, 0.9943153647291801, 0.9947176310869114, 0.9957891120706163, 0.9960021529131736, 0.9962874787871951, 0.9962754324896224, 0.996763289546555, 0.9966082450873731], ""val_f1"": [0.9379050076606908, 0.9745181540839106, 0.9775748286146154, 0.978206030672652, 0.9842310975597109, 0.9812412655920739, 0.9838699657037823, 0.9910165130843901, 0.9914644853965243, 0.9905469966373343, 0.9918390600632059, 0.9923840815965765, 0.9918621506826496, 0.992677450697198, 0.9932307036381353, 0.9933954670301187, 0.9934536060923458, 0.9937851086968802, 0.993392551540774, 0.9929984427150501]}",no_augm
0.0001,CE,adam,step_lr,0.9943944720171595,6,"{""train_loss"": [0.16299657784650723, 0.041691660956446344, 0.028681136584387527, 0.02030013226655969, 0.01685246900320254, 0.012630274516105384, 0.01138382496927313, 0.004227243888468711, 0.0016790971154941276, 0.001321717252653779, 0.0008218643777786464, 0.0007653827151149833, 0.0006817357862140638, 0.0004936644640640656, 0.00034549754912598384, 0.0001616310891785211, 0.0002298094899872753, 0.0002487304496178018, 0.00011581589810542933, 0.000156169288732075], ""val_loss"": [0.0439387167908911, 0.02818838738735576, 0.028123638556988833, 0.027338748236396187, 0.0173673064412747, 0.022960452107599595, 0.03189692576362112, 0.01680116260081818, 0.0197282958202307, 0.02316966032606422, 0.025413088977119525, 0.026261844899407825, 0.024704928128803393, 0.02881441652912288, 0.02838359152720926, 0.029244635746381156, 0.029081152824102844, 0.02918388500125368, 0.030210783128352067, 0.029697532780626007], ""train_acc"": [0.9311309523809524, 0.9838928571428571, 0.9887857142857143, 0.9920952380952381, 0.9933690476190477, 0.9952738095238095, 0.995702380952381, 0.9985595238095238, 0.9994404761904763, 0.9996190476190476, 0.99975, 0.99975, 0.9998095238095238, 0.9998333333333334, 0.9998571428571429, 0.9999642857142857, 0.9999404761904762, 0.999904761904762, 0.9999880952380953, 0.9999523809523809], ""val_acc"": [0.9841111111111112, 0.9887777777777779, 0.9885, 0.9887222222222223, 0.9924444444444445, 0.9910555555555556, 0.9885, 0.9942222222222222, 0.9941666666666668, 0.994388888888889, 0.9942222222222222, 0.9943333333333334, 0.9942222222222222, 0.994, 0.9942222222222222, 0.9941666666666668, 0.9942777777777778, 0.994388888888889, 0.9942777777777778, 0.9942777777777778], ""train_f1"": [0.9306334396641146, 0.9838899142653297, 0.9887874929189141, 0.9920991181824481, 0.9933705720353692, 0.9952746714540914, 0.9957041848832114, 0.9985598093348975, 0.9994405427608171, 0.9996190597108545, 0.9997500059516723, 0.9997499940469105, 0.9998095328776593, 0.9998333333333334, 0.9998571428571429, 0.9999642859977211, 0.9999404757180463, 0.9999047619047619, 0.9999880953325737, 0.9999523794404251], ""val_f1"": [0.9841666097850502, 0.9887983681669555, 0.9885389349634554, 0.9886878773926009, 0.9924494647203997, 0.9910411967962682, 0.9885248566144089, 0.9942294522816891, 0.9941655854190427, 0.9943936484106913, 0.9942281830068314, 0.994345376152847, 0.9942252103503415, 0.9940075081386771, 0.994229029504246, 0.9941703279624209, 0.9942822111220205, 0.9943944720171595, 0.9942813693345651, 0.9942817903844233]}",no_augm
0.001,CE,adam,plateau_lr,0.9916963697763369,7,"{""train_loss"": [0.18542812220903024, 0.06678249690023118, 0.05402925589755926, 0.047627304124020504, 0.04191291324436073, 0.03663801574473326, 0.033854601760355894, 0.03002628583421574, 0.02981623260745391, 0.026346978546454163, 0.02724699365704138, 0.025565465640477635, 0.02431978365201305, 0.02176834762547132, 0.023121760448733777, 0.021913719003156834, 0.020834669285880517, 0.01991723866758836, 0.02085022785438223, 0.018676767991095054], ""val_loss"": [0.06625855312977608, 0.04712465509781355, 0.044443738384636666, 0.0398592876064065, 0.03548138882584216, 0.03442050890583616, 0.04659774461570972, 0.023741632107925018, 0.02779071023574362, 0.023390132270072878, 0.02288649308618668, 0.02120462883463927, 0.017747133292973703, 0.02747657033440172, 0.020655728142447035, 0.03184921099004364, 0.029279590008617788, 0.02098411560791114, 0.018929174819454622, 0.018224183570422752], ""train_acc"": [0.9178928571428572, 0.9693690476190476, 0.9748928571428571, 0.9778571428571429, 0.9808214285714286, 0.9831190476190477, 0.9844761904761905, 0.9862738095238095, 0.9865119047619048, 0.9874166666666667, 0.9878571428571429, 0.9882857142857143, 0.9885238095238096, 0.9896904761904762, 0.9888809523809524, 0.9895952380952381, 0.9900833333333333, 0.9904761904761905, 0.9902738095238095, 0.9915833333333334], ""val_acc"": [0.9734444444444444, 0.9780000000000001, 0.9757222222222223, 0.9785, 0.9828333333333333, 0.9832777777777778, 0.9776111111111112, 0.9887777777777779, 0.9875555555555556, 0.9886666666666667, 0.9896111111111111, 0.9899444444444445, 0.9916666666666667, 0.986388888888889, 0.9899444444444445, 0.9861666666666667, 0.9857777777777779, 0.9901666666666668, 0.9913333333333334, 0.9906111111111111], ""train_f1"": [0.916078181433094, 0.9693103922740383, 0.974894251596727, 0.9778916664905183, 0.9808514803201889, 0.983154048700039, 0.9845129551912836, 0.9863059978835361, 0.9865364073358441, 0.9874405057508682, 0.9878794854804428, 0.9883070858186233, 0.9885429569345364, 0.9897089635225577, 0.9888960275310487, 0.9896093448202747, 0.9900945242851878, 0.9904889536795574, 0.9902867677862587, 0.9915899205014966], ""val_f1"": [0.9733706580007415, 0.9781959769783872, 0.9754118295361364, 0.9783149310972549, 0.9827784324105444, 0.9832153280162753, 0.9774488015285577, 0.9887901778400264, 0.9875927803704871, 0.9886964886964886, 0.9896425603393056, 0.9899806452284231, 0.9916963697763369, 0.986369085866906, 0.989965449983801, 0.986161019371683, 0.9858773423870114, 0.9901950205264792, 0.9913378155255118, 0.990625945208975]}",no_augm
0.0001,CE,adam,plateau_lr,0.9946721689293829,8,"{""train_loss"": [0.15494997795081386, 0.04241971105747923, 0.027572590536091453, 0.0200650236347061, 0.01673903378718049, 0.012832276309521062, 0.011149086566152662, 0.009452551501412478, 0.008486797482742597, 0.007153396343209046, 0.007234042157226711, 0.006702290275845842, 0.005945534826008768, 0.004605382790499816, 0.0016535036728159717, 0.0005697614482614747, 0.0005470702538072834, 0.00027827901677687095, 0.0003199515971135861, 0.000658716186843208], ""val_loss"": [0.04130285042109447, 0.05512057609522405, 0.02894807040507698, 0.022048637762096278, 0.021027592909522, 0.019183047718314784, 0.02025705125313392, 0.02669585270459826, 0.02361087929432941, 0.020804793533588495, 0.028391429405266358, 0.019929094391614874, 0.021183687006025725, 0.02201715585953798, 0.019146695356318737, 0.022926207634848, 0.02190522567609803, 0.027196425221691772, 0.027727160947288783, 0.02883999377821918], ""train_acc"": [0.9333571428571429, 0.9834880952380952, 0.9890476190476191, 0.992, 0.9939404761904762, 0.9952142857142857, 0.9955595238095238, 0.9962142857142857, 0.9968809523809524, 0.9974642857142857, 0.9974880952380952, 0.9976071428571429, 0.9977857142857143, 0.9982738095238095, 0.9994761904761905, 0.9998095238095238, 0.9997857142857143, 0.9998928571428571, 0.9998333333333334, 0.9998571428571429], ""val_acc"": [0.9847777777777779, 0.9765, 0.9882777777777778, 0.9912222222222222, 0.9912222222222222, 0.9923333333333334, 0.993, 0.9902777777777778, 0.9921111111111112, 0.9936111111111111, 0.991388888888889, 0.9932777777777778, 0.9925555555555556, 0.9926666666666667, 0.9945555555555556, 0.9943333333333334, 0.9946666666666667, 0.9941666666666668, 0.9945, 0.9938888888888889], ""train_f1"": [0.9328033643397198, 0.9834908449298954, 0.9890488353029584, 0.9920045583867173, 0.9939434983878074, 0.995215802579104, 0.9955615982179055, 0.9962152459454479, 0.9968816447329549, 0.99746446677206, 0.9974885135401644, 0.9976075413344692, 0.997785819702789, 0.9982738506186903, 0.9994762320318814, 0.9998095328776593, 0.9997857142857143, 0.9998928562924833, 0.9998333280414882, 0.9998571473915706], ""val_f1"": [0.9848287701536467, 0.9767601873475766, 0.9883431687400991, 0.9912254672363957, 0.9911971640958972, 0.9923327652217245, 0.9929974026016813, 0.9903086044087355, 0.9921180923626359, 0.9936113476928102, 0.9913692130897716, 0.993283479779145, 0.992541641280889, 0.9926623080916924, 0.9945575682858657, 0.9943383480351329, 0.9946721689293829, 0.9941728985447216, 0.9945050690723688, 0.9938906969080241]}",no_augm
0.001,Weighted CE,sgd,step_lr,0.9924516852208061,9,"{""train_loss"": [0.3078534583406789, 0.06545122396163199, 0.038048218726274737, 0.026765037052958393, 0.0201020948946354, 0.015748533391480687, 0.010853339718727338, 0.004072735210897658, 0.003561869293805406, 0.003096760164016424, 0.0025357445545130847, 0.0029238718162245105, 0.002354982863167769, 0.002023272518946561, 0.002177847523470995, 0.0016297463898056104, 0.0019177529558378843, 0.0018642363882547563, 0.0017022854239430456, 0.0017983215718772086], ""val_loss"": [0.11691766989738163, 0.047524544667450146, 0.030775999636068363, 0.042332303576280636, 0.027940551706462428, 0.0272953334125539, 0.02843069155005863, 0.024682526196424203, 0.024804033253002723, 0.025342916443586848, 0.025660097480135494, 0.026697255893157388, 0.026235771850062393, 0.027670649464228973, 0.027523504670927196, 0.02849784772207396, 0.026708600245797173, 0.02572035968239208, 0.026715449904852334, 0.026485124788115537], ""train_acc"": [0.8591190476190477, 0.9727976190476191, 0.9839642857142857, 0.9888452380952382, 0.9919642857142857, 0.9939285714285715, 0.9958095238095238, 0.9985952380952381, 0.9988809523809524, 0.998904761904762, 0.9992380952380953, 0.9991190476190477, 0.999202380952381, 0.9993571428571428, 0.9993452380952381, 0.9996309523809525, 0.9993928571428572, 0.999452380952381, 0.9994880952380952, 0.9995119047619048], ""val_acc"": [0.9496666666666667, 0.9809444444444445, 0.9876666666666667, 0.9821111111111112, 0.9890000000000001, 0.989388888888889, 0.9901111111111112, 0.9919444444444445, 0.9919444444444445, 0.9922222222222222, 0.9921111111111112, 0.9919444444444445, 0.9922777777777778, 0.9917777777777779, 0.9920555555555556, 0.9918333333333333, 0.9922777777777778, 0.9924444444444445, 0.9923333333333334, 0.9924444444444445], ""train_f1"": [0.864333643890271, 0.9730690331503571, 0.9840616061052275, 0.9888948256989203, 0.9919901969695087, 0.9939438903499889, 0.9958167769263802, 0.998596348570577, 0.9988815370156388, 0.9989053513928927, 0.9992384090268385, 0.9991194243619305, 0.9992027283603984, 0.9993573466151036, 0.9993454715215851, 0.9996310430667587, 0.9993930831947974, 0.9994525458584838, 0.9994882534397892, 0.9995120401557429], ""val_f1"": [0.9509141037275628, 0.9809925238304875, 0.9877315798131943, 0.9822800829809866, 0.9890217811368263, 0.989417193055747, 0.9901321270118308, 0.9919489073395986, 0.991950685560126, 0.9922273901533527, 0.9921186713334886, 0.9919542301458848, 0.9922803475654425, 0.9917934614387369, 0.9920652062818034, 0.9918480204652133, 0.9922831928488819, 0.9924516852208061, 0.9923389913527143, 0.9924438845663371]}",no_augm
0.0001,Weighted CE,sgd,step_lr,0.9531884230858284,10,"{""train_loss"": [0.49141527586323874, 0.33431580869924454, 0.2724265064767429, 0.22823400528019383, 0.19587562325454894, 0.16575841490569568, 0.13618860774629174, 0.10578631842775005, 0.09963067709548133, 0.09745066780437316, 0.09183279752465232, 0.09049661607064662, 0.08669907522219278, 0.08296699634247592, 0.0807479919608505, 0.0825082366166725, 0.08104137704344024, 0.08008662010321305, 0.08058688416491662, 0.08005513689720205], ""val_loss"": [0.362088487373458, 0.2803897029625045, 0.24575653878185486, 0.2346879433757729, 0.2371053464015325, 0.19957303214569885, 0.14162994599921835, 0.14270197270500162, 0.13686703065399908, 0.15258689004783002, 0.13001571612411902, 0.13530778306391503, 0.12316367843421176, 0.12564552992277053, 0.12623931268892355, 0.1282835016299246, 0.1346686562287311, 0.12772782862062257, 0.12112351018953552, 0.11753931683896937], ""train_acc"": [0.7607738095238096, 0.8537619047619048, 0.8826904761904762, 0.9030119047619047, 0.9176547619047619, 0.9307738095238095, 0.9441547619047619, 0.957952380952381, 0.960202380952381, 0.9612142857142857, 0.9642619047619048, 0.9643928571428572, 0.9654285714285714, 0.9670952380952381, 0.9687142857142857, 0.9678928571428572, 0.9679285714285715, 0.9687619047619048, 0.9686190476190476, 0.9685714285714286], ""val_acc"": [0.8388888888888889, 0.8773333333333334, 0.8933333333333334, 0.8985555555555556, 0.9000555555555556, 0.9152777777777779, 0.9426111111111112, 0.9412222222222223, 0.9433333333333334, 0.9367222222222222, 0.9475555555555556, 0.9456111111111112, 0.9510000000000001, 0.949388888888889, 0.9495, 0.9487777777777778, 0.9456666666666668, 0.9490555555555557, 0.9516111111111112, 0.9526111111111112], ""train_f1"": [0.7727116590365165, 0.8589083561111694, 0.8862198466147901, 0.9055861479692308, 0.9195909210822567, 0.9322073956536256, 0.9451636330358313, 0.9585638025018831, 0.9607603036417554, 0.9617339206168432, 0.9647116624677813, 0.9648392412092255, 0.9658602950076001, 0.967487848062204, 0.9690661064647672, 0.9682586518749224, 0.9682914819267184, 0.9691228367760018, 0.9689675228666983, 0.9689385217852997], ""val_f1"": [0.8451425082870951, 0.8808324664592108, 0.8962755997055263, 0.9018075178180904, 0.90358964765653, 0.9177579411995603, 0.9432124293805472, 0.942185595557116, 0.9441667720992308, 0.9381255646003437, 0.948230055218992, 0.9466101689781802, 0.9516301998974056, 0.950150753447789, 0.9502854428460945, 0.9496299282882327, 0.9467311217707136, 0.9499077791814297, 0.9522474473168758, 0.9531884230858284]}",no_augm
0.001,Weighted CE,sgd,plateau_lr,0.9911137409571258,11,"{""train_loss"": [0.2873569238341103, 0.06437821954433319, 0.038021046680952644, 0.02536917865358243, 0.01896914199024953, 0.013498155478058747, 0.011268074488278866, 0.008159427717120013, 0.0067198300121866245, 0.010616856438144385, 0.005567173079925792, 0.004827435745654189, 0.003126595571118287, 0.0027992886921293153, 0.0017529762612816875, 0.0010590697772755106, 0.0007482322686574348, 0.0008281427983927431, 0.0007737307738261409, 0.0007473220009686169], ""val_loss"": [0.07371882443942336, 0.04908743640145986, 0.027078114622263758, 0.03363568937590511, 0.03287178803399931, 0.026299074408666853, 0.03158749935743027, 0.029004869719421348, 0.033498982709808806, 0.030038611229552797, 0.03797412681875136, 0.04175163668906286, 0.04692475225771361, 0.04232448810860733, 0.03492117144557206, 0.036685218688440005, 0.03350592285385797, 0.034837935161026075, 0.034347276248871114, 0.03611282645636478], ""train_acc"": [0.8682380952380953, 0.9728095238095238, 0.9841190476190477, 0.9898452380952382, 0.992202380952381, 0.9945833333333334, 0.995904761904762, 0.996702380952381, 0.9975357142857143, 0.9960952380952381, 0.9978452380952382, 0.9983214285714286, 0.9989285714285715, 0.9991428571428572, 0.9994166666666667, 0.9996666666666667, 0.9997857142857143, 0.9997261904761905, 0.9997857142857143, 0.9998095238095238], ""val_acc"": [0.9692222222222223, 0.9771111111111112, 0.9895555555555556, 0.9880000000000001, 0.9866666666666667, 0.9897777777777779, 0.9892777777777778, 0.9897222222222223, 0.9891666666666667, 0.9897222222222223, 0.9885555555555556, 0.9875555555555556, 0.9872777777777778, 0.9890555555555556, 0.9903333333333334, 0.9904444444444445, 0.9911111111111112, 0.9908333333333333, 0.9907222222222223, 0.9901111111111112], ""train_f1"": [0.8729349348214746, 0.9730775189223909, 0.9842181479395081, 0.9898862136939166, 0.9922276442230556, 0.994595531606834, 0.9959117862964985, 0.9967071357020513, 0.9975383017852373, 0.9961010820068463, 0.9978471279956599, 0.9983225306614026, 0.9989290973440066, 0.999143128820138, 0.9994168192445144, 0.9996667195347448, 0.9997857414793276, 0.9997262360730986, 0.9997857380820143, 0.9998095449617905], ""val_f1"": [0.9696101231922906, 0.9773667887086501, 0.9895731988815429, 0.987990182302222, 0.9867349709392319, 0.9898024619535942, 0.9892773805848885, 0.9897309401581967, 0.9891806191612628, 0.9897362104227594, 0.9885873194540905, 0.9876227981805416, 0.9873371274371547, 0.9890664454196083, 0.9903397563334527, 0.9904408987895967, 0.9911137409571258, 0.9908329937642829, 0.9907198137522784, 0.9901176817664057]}",no_augm
0.0001,Weighted CE,sgd,plateau_lr,0.9854690324838523,12,"{""train_loss"": [0.4800289749872117, 0.32997659996861506, 0.27030394383981116, 0.228008253015223, 0.192962259440195, 0.16092522447378863, 0.11674085845549902, 0.08001909778919071, 0.06044775941302734, 0.048524407149026436, 0.04191650458802247, 0.035633816212914615, 0.031728962877809644, 0.026541522126389844, 0.024762145133616978, 0.021023275487609985, 0.01856747583539358, 0.017434829786497477, 0.014454689408968468, 0.014044529780537622], ""val_loss"": [0.36467868628766803, 0.28061206755373214, 0.24242646960086292, 0.22661502869261635, 0.1996197851896286, 0.15324200046890313, 0.11796070463003384, 0.08239682168834325, 0.06713972029775485, 0.060951597298741236, 0.0716633380405967, 0.05280843134970766, 0.05058739150395397, 0.045420163015598924, 0.04669137827481205, 0.050061438019060815, 0.044986300468863594, 0.04613101946415716, 0.04331041600898203, 0.04825875368501349], ""train_acc"": [0.7675595238095239, 0.8570119047619048, 0.8844880952380952, 0.9034166666666666, 0.9193928571428571, 0.9335476190476191, 0.9525595238095238, 0.9676904761904762, 0.9758809523809524, 0.9812738095238096, 0.9837619047619048, 0.9866785714285714, 0.9878214285714286, 0.9899404761904762, 0.9907380952380953, 0.9918809523809524, 0.9935476190476191, 0.9937142857142858, 0.9950238095238095, 0.9951071428571429], ""val_acc"": [0.8361666666666667, 0.8765555555555556, 0.8951111111111112, 0.9016666666666667, 0.9146111111111112, 0.9371666666666667, 0.9525, 0.9668333333333334, 0.9738333333333333, 0.9765555555555556, 0.9725555555555556, 0.9797222222222223, 0.9818888888888889, 0.9835555555555556, 0.9831111111111112, 0.9817222222222223, 0.9835, 0.9833333333333334, 0.9854444444444445, 0.9832222222222222], ""train_f1"": [0.7791152280794713, 0.8620105908339135, 0.8879527214093647, 0.9059523896084242, 0.921296851769813, 0.9348841935409294, 0.9532905126905635, 0.9680601636614315, 0.9760905741382504, 0.9814043982330313, 0.9838632337252542, 0.986746848140336, 0.9878763058920891, 0.9899796876823814, 0.9907705882104605, 0.9919074440402702, 0.9935638991562626, 0.9937298534877684, 0.9950347455609333, 0.9951170214898393], ""val_f1"": [0.8431125706106963, 0.8804215067447504, 0.8980374309918142, 0.9045427592415584, 0.9167671296892765, 0.9378706020013862, 0.9531307378210441, 0.967111969345588, 0.9740065882169516, 0.9767115962556385, 0.9728996724245066, 0.9798310813565387, 0.9819637611651408, 0.9835749301274692, 0.9831664771828352, 0.9818267363875776, 0.983566453694626, 0.9834034170435915, 0.9854690324838523, 0.9832963400003448]}",no_augm
0.001,Weighted CE,adam,step_lr,0.992860667192845,13,"{""train_loss"": [0.21405440405410314, 0.07874893065320239, 0.06420860753320934, 0.05416305357852858, 0.052257323621561054, 0.047332349080884815, 0.04412036363454951, 0.026272627945339213, 0.019841732725590235, 0.019057311904681618, 0.016206230714067727, 0.015467095198363257, 0.015206918685537446, 0.015194324334731989, 0.012381897012776776, 0.012061595822033729, 0.011618072556571695, 0.011349557966394712, 0.011350308733685515, 0.011686821433355686], ""val_loss"": [0.06337775372903949, 0.23460548072722223, 0.039482215996830036, 0.08734686679357644, 0.04525098636483641, 0.05047250334923673, 0.03499529592924511, 0.02272284829817161, 0.02149762832241716, 0.019711611648792517, 0.019400153982007277, 0.017310847990906146, 0.020309184797264106, 0.017956625021733775, 0.016351965380460427, 0.016173265577568676, 0.01717264580652609, 0.016995332355085366, 0.01748247013303454, 0.01843917188425656], ""train_acc"": [0.897, 0.9621666666666667, 0.9685714285714286, 0.9728214285714286, 0.9741785714285714, 0.9763571428571429, 0.9788928571428571, 0.9873690476190476, 0.990202380952381, 0.9910952380952381, 0.9918095238095238, 0.9920476190476191, 0.9922261904761905, 0.9920833333333333, 0.9932261904761905, 0.9934404761904763, 0.9937857142857143, 0.994, 0.9940833333333333, 0.9941547619047619], ""val_acc"": [0.9703333333333334, 0.8894444444444445, 0.9808333333333333, 0.965388888888889, 0.9780000000000001, 0.9726111111111112, 0.9832222222222222, 0.9891666666666667, 0.9905555555555556, 0.9909444444444445, 0.9910555555555556, 0.9919444444444445, 0.9913333333333334, 0.9915555555555556, 0.9919444444444445, 0.9924444444444445, 0.992388888888889, 0.9928333333333333, 0.9924444444444445, 0.9923333333333334], ""train_f1"": [0.9002761929562666, 0.9627990634251389, 0.9690343785558272, 0.9731734143251328, 0.9745065656853823, 0.9766326353840098, 0.9791133679123339, 0.987462523383428, 0.9902580382345699, 0.9911425519683977, 0.9918492181812886, 0.9920851982883574, 0.9922621615246764, 0.9921211626035251, 0.9932552749190904, 0.9934673440674271, 0.9938097950599896, 0.9940219675310847, 0.9941045885326759, 0.9941751341088159], ""val_f1"": [0.9707167923295529, 0.8950135821848035, 0.9810252540049835, 0.9660781974130433, 0.9782399595787287, 0.9729870494730363, 0.9833874277307453, 0.9892331401679615, 0.9906085703075855, 0.9909789825770056, 0.9911023184163702, 0.9919820239230893, 0.9913691617845458, 0.9916000005928177, 0.9919780324375853, 0.9924740684300665, 0.9924190014375947, 0.992860667192845, 0.9924735306016539, 0.992365571840052]}",no_augm
0.0001,Weighted CE,adam,step_lr,0.9943366814236231,14,"{""train_loss"": [0.19009337979714785, 0.05082632486697375, 0.0324419755294858, 0.025076784869484114, 0.019039520873175207, 0.01659463742770781, 0.013403809140269654, 0.004651326519083308, 0.0020833443811364336, 0.0015395525191722293, 0.0015880801376460035, 0.001316621878392195, 0.0009146475830983379, 0.0009184590224845881, 0.0004205123167230022, 0.0003791803790598672, 0.00033102633141216334, 0.00030381917287733445, 0.000864528569727847, 0.000234059658661005], ""val_loss"": [0.05226843786083757, 0.028683112653305417, 0.025141736549854007, 0.03509203203792418, 0.02622560504778246, 0.02844576567052718, 0.03406997142942803, 0.017963521736619997, 0.018278219420453226, 0.02399389364632868, 0.023982641284441976, 0.02672815735849889, 0.031767339193315994, 0.027301297671172533, 0.02671836994343069, 0.027574144709342083, 0.028143038758991677, 0.029524478869761714, 0.029606607451597503, 0.02900060878768641], ""train_acc"": [0.9152619047619048, 0.9801904761904762, 0.9863928571428572, 0.9899880952380953, 0.99175, 0.9932619047619048, 0.9941547619047619, 0.9980833333333333, 0.9991309523809524, 0.9993809523809524, 0.9995952380952381, 0.9996190476190476, 0.9997142857142858, 0.999702380952381, 0.9998690476190476, 0.9998690476190476, 0.999904761904762, 0.9998690476190476, 0.9997976190476191, 0.9999166666666667], ""val_acc"": [0.9775, 0.9880000000000001, 0.9894444444444445, 0.9856111111111111, 0.9907777777777779, 0.9903333333333334, 0.988388888888889, 0.9935555555555556, 0.9943333333333334, 0.9940555555555556, 0.9939444444444445, 0.9940555555555556, 0.993388888888889, 0.9937222222222223, 0.9937777777777779, 0.9936666666666667, 0.9935555555555556, 0.9937777777777779, 0.9938888888888889, 0.9937777777777779], ""train_f1"": [0.9174959132270458, 0.9803398391759415, 0.9864675051515497, 0.9900286468565571, 0.991780016126104, 0.9932825442463972, 0.9941704588811477, 0.9980851349913498, 0.9991313720932029, 0.9993810995978842, 0.9995953279424445, 0.9996190899235811, 0.9997143219724367, 0.9997024305142375, 0.9998690548921593, 0.9998690569694492, 0.9999047664388296, 0.9998690590464092, 0.9997976431262529, 0.9999166712950104], ""val_f1"": [0.9776613831818518, 0.9880547089573829, 0.9894530103011429, 0.9856484544406735, 0.9908191705632485, 0.990373295836609, 0.988336573143563, 0.993561258549759, 0.9943366814236231, 0.99406321153977, 0.9939464596016782, 0.9940662461889648, 0.9934041359295122, 0.9937252375883519, 0.9937819121226821, 0.9936722713333839, 0.9935603115718469, 0.9937846530598167, 0.9938956413980342, 0.9937805370715634]}",no_augm
0.001,Weighted CE,adam,plateau_lr,0.9878599703016038,15,"{""train_loss"": [0.2569837728790229, 0.07812915888943132, 0.06421536705581404, 0.05513871639421199, 0.050536923462168835, 0.04973774001012221, 0.04584801682924375, 0.043643850694626486, 0.03892652903290162, 0.03711187903650768, 0.03300325926241448, 0.035812361338161285, 0.030447954380154896, 0.02823910528456065, 0.029532915890452247, 0.025849901301098353, 0.028843046157058898, 0.024134903391575112, 0.028609707898573804, 0.021545007597684702], ""val_loss"": [0.2924425298285981, 0.07709795087637031, 0.07140040509097485, 0.04120541509608059, 0.051128446723672116, 0.03799482314095237, 0.04159519857487693, 0.049431662549613974, 0.030059721010444265, 0.03193029303837102, 0.07370746870118335, 0.03154787793026019, 0.027531809893405493, 0.036846005661889544, 0.02712960081690936, 0.028918773162835705, 0.02599168375835848, 0.03979564110877599, 0.039577476855770885, 0.0283693683104911], ""train_acc"": [0.8756190476190476, 0.9635595238095238, 0.9688928571428572, 0.9727976190476191, 0.9750238095238095, 0.9754761904761905, 0.9770119047619048, 0.9779642857142857, 0.9802261904761905, 0.9811428571428572, 0.9832857142857143, 0.9825952380952381, 0.9847023809523809, 0.986, 0.9857738095238096, 0.9872619047619048, 0.9864047619047619, 0.9884166666666667, 0.9860833333333333, 0.989297619047619], ""val_acc"": [0.8995555555555556, 0.9641111111111111, 0.9670000000000001, 0.9797777777777779, 0.9742777777777778, 0.9812222222222222, 0.9827777777777779, 0.9763333333333334, 0.9852222222222222, 0.9847777777777779, 0.9696666666666667, 0.9830555555555556, 0.9864444444444445, 0.9810555555555556, 0.9868888888888889, 0.9862777777777778, 0.9872222222222222, 0.9807222222222223, 0.9826666666666667, 0.9877777777777779], ""train_f1"": [0.8802050259129598, 0.9641171166734346, 0.9693251360047919, 0.9731555299043153, 0.975321469659872, 0.9757667477486165, 0.9772673419573707, 0.9782041681431248, 0.9804282754426209, 0.9813225081186652, 0.9834244319608706, 0.9827472609362619, 0.9848252195081502, 0.9861004162020411, 0.9858704954588424, 0.9873434754650866, 0.9864954499105396, 0.9884829879630148, 0.9861719345152203, 0.9893539213056557], ""val_f1"": [0.9043316577483569, 0.9647735805464102, 0.9676071615910687, 0.9799469808736441, 0.9746160368630464, 0.9812319336386093, 0.9829136824803938, 0.9766589345704688, 0.9853164886339211, 0.9848727674902431, 0.9702192902302034, 0.9832093499646879, 0.9865430692432445, 0.981233863106087, 0.9869833798384295, 0.986378086015099, 0.987275046220805, 0.9808906980132841, 0.9827321589688955, 0.9878599703016038]}",no_augm
0.0001,Weighted CE,adam,plateau_lr,0.9937855639956651,16,"{""train_loss"": [0.1904108583162583, 0.050007326738576274, 0.03415042559336316, 0.025549228179361394, 0.01901143444011922, 0.01753347601785572, 0.013678556743302536, 0.01286973808094687, 0.009439772120586061, 0.01065342841592812, 0.008769297584773461, 0.007340958787935858, 0.009153206859593808, 0.006222838652999919, 0.006956071616884354, 0.005599748213920244, 0.005904760737164252, 0.005365453985661757, 0.0053529000231431105, 0.00464996976396219], ""val_loss"": [0.09821122240264797, 0.027426248342342054, 0.042883307135152995, 0.02435927574471619, 0.029474821618146962, 0.021220782633106058, 0.021133880127038245, 0.029518565581919346, 0.02196976623862188, 0.03703509153464927, 0.024813991993731792, 0.040735789254092124, 0.023623924256852235, 0.026994298942184747, 0.017093552192951094, 0.021460161423492795, 0.02436062001785338, 0.09885901281290564, 0.026040159387644025, 0.030730777881704096], ""train_acc"": [0.9159285714285714, 0.9791190476190477, 0.9861190476190477, 0.9894880952380952, 0.9920238095238095, 0.9928214285714286, 0.9945238095238096, 0.9949285714285715, 0.9960357142857144, 0.9956190476190476, 0.9966190476190476, 0.9971190476190477, 0.9966785714285714, 0.9976071428571429, 0.9972142857142857, 0.9980238095238095, 0.9977976190476191, 0.9981785714285715, 0.9979761904761905, 0.9983452380952381], ""val_acc"": [0.9561111111111111, 0.9890000000000001, 0.9820000000000001, 0.9897777777777779, 0.9881111111111112, 0.9916666666666667, 0.9921111111111112, 0.9894444444444445, 0.9916666666666667, 0.9876111111111111, 0.9914444444444445, 0.9883333333333334, 0.9925, 0.9924444444444445, 0.9937777777777779, 0.9924444444444445, 0.9919444444444445, 0.9791666666666667, 0.9930555555555556, 0.9925], ""train_f1"": [0.9180876165405322, 0.9792859582857533, 0.986195509943652, 0.9895346656591554, 0.9920513031608155, 0.9928436933326541, 0.9945372028001668, 0.9949401888940048, 0.996042606814824, 0.9956267670671822, 0.9966241075912938, 0.9971225925025055, 0.9966832045922598, 0.9976093921320578, 0.997217494960304, 0.9980254028353737, 0.9977996892757746, 0.9981799395608953, 0.997977758441214, 0.9983463245527302], ""val_f1"": [0.9571624036949709, 0.9889877096796944, 0.9821820347270105, 0.9898337285479716, 0.9881885963677584, 0.9916981533504305, 0.9921284483055305, 0.9895029582383573, 0.9916831675278986, 0.9876776195685157, 0.9914488691726208, 0.9883947376611298, 0.9925167541513745, 0.9924686720202309, 0.9937855639956651, 0.9924648704943716, 0.9919577589699434, 0.9794299076389198, 0.9930665275214313, 0.9925205460530859]}",no_augm
0.001,CE,sgd,step_lr,0.9486248701553027,1,"{""train_loss"": [0.3841214136566435, 0.30398917528845015, 0.2728169389026506, 0.25253257063315027, 0.2331921235535826, 0.22141703867486545, 0.21256921967864037, 0.1834858774053199, 0.1744132780610096, 0.17063862634414717, 0.16803155101977643, 0.1656835244886932, 0.16363449215250356, 0.1634701374499571, 0.15739563450855867, 0.15709838563665038, 0.15890992420415084, 0.15785796939120406, 0.15658551600185178, 0.1592011640309578], ""val_loss"": [0.27995896943906945, 0.23580880350578162, 0.21903500487531224, 0.20055252619667185, 0.1762819391331739, 0.17526176672920377, 0.18027378538085354, 0.1405350088197738, 0.13841357489188927, 0.14059445006721136, 0.1335338660945288, 0.126103084795772, 0.13218684690825952, 0.1354466436759879, 0.12707643907664654, 0.12717644247169502, 0.12784627109647004, 0.1269735472332945, 0.12765384710706873, 0.12670348290084965], ""train_acc"": [0.8272976190476191, 0.8651547619047619, 0.8787738095238096, 0.8901071428571429, 0.8981309523809524, 0.9039761904761905, 0.9073214285714286, 0.9213928571428571, 0.9258214285714286, 0.9267738095238095, 0.9285476190476191, 0.9292261904761905, 0.9310357142857143, 0.9301785714285714, 0.933452380952381, 0.9326666666666666, 0.9323333333333333, 0.9333333333333333, 0.933797619047619, 0.9334761904761905], ""val_acc"": [0.877, 0.8946111111111111, 0.9055555555555556, 0.9139444444444444, 0.9281111111111111, 0.9272222222222223, 0.9238333333333334, 0.9419444444444445, 0.9420000000000001, 0.9416666666666668, 0.9455555555555556, 0.9488888888888889, 0.9443888888888889, 0.9432777777777778, 0.9478888888888889, 0.9474444444444445, 0.9472777777777778, 0.9486666666666667, 0.947388888888889, 0.9477222222222222], ""train_f1"": [0.8173798451211831, 0.8612654156362093, 0.8760593864754974, 0.8882173395535349, 0.8966391501564723, 0.9027559575740214, 0.9062434125071464, 0.9208049142359678, 0.9252767216440594, 0.9263080972127942, 0.9280381266224123, 0.9288296329843748, 0.9306110603048172, 0.929803712565929, 0.933134489866697, 0.932297844198601, 0.9320190920387161, 0.9329926686770015, 0.9334598789786108, 0.933181603444305], ""val_f1"": [0.87298738153726, 0.894846537964128, 0.9054358742341643, 0.914161572633893, 0.9270315330215763, 0.9258077577546794, 0.923177701639112, 0.9418947786036204, 0.9420725786738787, 0.9416796152346534, 0.9453165644703937, 0.9486248701553027, 0.9445890932245946, 0.9436885189787255, 0.9478888888888889, 0.9473896590190877, 0.9474675818882521, 0.9485823278148808, 0.9473791370650793, 0.9476696823737948]}",weak_augm
0.0001,CE,sgd,step_lr,0.8940387884560674,2,"{""train_loss"": [0.47733587758881707, 0.3960232725427264, 0.3657702278409685, 0.3436078838024821, 0.32742215392986934, 0.3124090849586896, 0.3026429353299595, 0.29048564471233457, 0.2898794871767362, 0.28857797809725716, 0.2882797432456698, 0.2866566846711295, 0.28264067882583255, 0.28070624270041783, 0.2806443130090123, 0.28151266593024843, 0.2824382545493898, 0.2817947410969507, 0.2831329691495214, 0.28065645282892954], ""val_loss"": [0.40626789118846257, 0.3401811432540417, 0.3193802125652631, 0.2901593558920754, 0.2771763399673833, 0.2610577237970299, 0.25804071337978046, 0.25311696250240007, 0.24812981341282528, 0.2514677138676246, 0.24343022474481, 0.24500181678434213, 0.24183140659663413, 0.2419519741717312, 0.23871280700299474, 0.23929081849919426, 0.24051305973529816, 0.2449840253127946, 0.24417812453707058, 0.24133983466029169], ""train_acc"": [0.7784285714285715, 0.8231190476190476, 0.8369166666666666, 0.8479642857142857, 0.8544285714285714, 0.8619642857142857, 0.8667738095238096, 0.8714047619047619, 0.8743571428571428, 0.8727619047619047, 0.8741547619047619, 0.8745595238095238, 0.8770476190476191, 0.876547619047619, 0.8768095238095238, 0.87775, 0.8761904761904762, 0.8773333333333334, 0.8749761904761905, 0.877702380952381], ""val_acc"": [0.8252222222222223, 0.8515555555555556, 0.8605555555555556, 0.8741666666666668, 0.8801666666666668, 0.8857222222222223, 0.8852777777777778, 0.887888888888889, 0.8912222222222222, 0.8906666666666667, 0.894, 0.8933333333333334, 0.8943888888888889, 0.8935000000000001, 0.895888888888889, 0.8951111111111112, 0.894, 0.8932222222222223, 0.8936666666666667, 0.8945555555555555], ""train_f1"": [0.740562254562958, 0.8101912377900936, 0.8266545286390236, 0.8396428853856125, 0.8473911188038602, 0.8561069897184588, 0.8616101967340984, 0.8665899286836107, 0.8697261793641852, 0.8683039374742669, 0.869682509149731, 0.8701818922124365, 0.8729505724448642, 0.8725038734005842, 0.8724776242772807, 0.8737212949333684, 0.8720778828988924, 0.8732070631240515, 0.8708048593181766, 0.8736438637258268], ""val_f1"": [0.8102611423444182, 0.8450072457659437, 0.8554539552987679, 0.8688998899839642, 0.8768152244143764, 0.8822871094162485, 0.8827152794110685, 0.8869463653359863, 0.8896163953011686, 0.8898957324101185, 0.8914637444256311, 0.8899159215095934, 0.8924614795557861, 0.8914066189522476, 0.8940387884560674, 0.8931463760278089, 0.8920793787748059, 0.892203957776725, 0.8928746690342025, 0.8929989368139009]}",weak_augm
0.001,CE,sgd,plateau_lr,0.9480192830008376,3,"{""train_loss"": [0.3844203408757846, 0.30695677818003153, 0.2752118227935973, 0.25038540561426254, 0.23644229633183705, 0.2221004365001406, 0.2139989333493369, 0.2068316297162147, 0.19758448901630582, 0.19344142412926468, 0.1858360303115277, 0.1801396738212733, 0.1755983770212957, 0.1714798755241292, 0.16752327042605195, 0.16084910158103422, 0.156957276260569, 0.1549219370658199, 0.1516979975583298, 0.14779685900395825], ""val_loss"": [0.3510620151625739, 0.3241028312709596, 0.22114148758620852, 0.21230421522094145, 0.388568887591362, 0.18359887482081022, 0.16163777052031622, 0.15209231606415577, 0.14839979390251554, 0.15519593510124832, 0.16434858244140116, 0.17053715002270312, 0.16225416422345573, 0.12662148873109577, 0.1421481407370108, 0.1322890751064244, 0.14701010691146885, 0.1498849933778854, 0.19806670958424608, 0.1275388365882989], ""train_acc"": [0.8256190476190477, 0.8627619047619048, 0.8787380952380952, 0.8912619047619048, 0.897702380952381, 0.9025357142857143, 0.9076190476190477, 0.9109761904761905, 0.9151190476190476, 0.9163214285714286, 0.9210952380952381, 0.923404761904762, 0.9252142857142858, 0.9274642857142857, 0.9280714285714285, 0.9314642857142857, 0.9334166666666667, 0.9340476190476191, 0.9367380952380953, 0.9379166666666667], ""val_acc"": [0.8421666666666667, 0.8420555555555556, 0.9055555555555556, 0.9088333333333334, 0.8240000000000001, 0.92, 0.9322222222222223, 0.9357222222222222, 0.9383888888888889, 0.9360555555555556, 0.9303888888888889, 0.927888888888889, 0.9295, 0.9484444444444445, 0.9421111111111111, 0.9456111111111112, 0.9381111111111111, 0.9431666666666667, 0.911888888888889, 0.9486111111111112], ""train_f1"": [0.815464584228779, 0.8586535215393233, 0.876096647252616, 0.8894252190145858, 0.8961222549879123, 0.9013154451810818, 0.9066283618449885, 0.9100105590908527, 0.9142815386934999, 0.9156181785847407, 0.9205218706281745, 0.9229040390263956, 0.9247430710510981, 0.9270383834842554, 0.9276412329110388, 0.9311123553303935, 0.933084752437042, 0.9337730286058487, 0.9364348476988739, 0.9376082189278442], ""val_f1"": [0.8487888165671145, 0.8492585915014922, 0.9019187768026515, 0.9086869810104113, 0.8343734871689613, 0.9178265530421977, 0.9326498722922726, 0.9354821744678755, 0.9380200552780175, 0.9344757035445012, 0.9315747048240618, 0.9290216782978505, 0.9302153125805676, 0.9480192830008376, 0.9420982326117632, 0.9450103168111065, 0.9367816444781343, 0.941902337055811, 0.9133221643087616, 0.9478894394429896]}",weak_augm
0.0001,CE,sgd,plateau_lr,0.9221638964987453,4,"{""train_loss"": [0.4709888462282362, 0.38897370251019797, 0.36022786651906513, 0.33971923731906073, 0.32326310311612627, 0.31048855940784725, 0.30362786693800065, 0.29432559510639733, 0.285205092449983, 0.2796256921433267, 0.26859854949088324, 0.2627285587631521, 0.260355321540719, 0.2540148378042948, 0.2491090291908809, 0.24011421751124518, 0.24150815134530976, 0.23673742250175703, 0.2268353244108813, 0.22770582147439322], ""val_loss"": [0.39513675172461404, 0.3303039726747407, 0.31496108635266623, 0.28364502458439933, 0.2884854207601812, 0.2770084726115068, 0.2590363262858656, 0.2476240447031127, 0.2536095605707831, 0.22801095071434974, 0.21980830392407047, 0.255830882711543, 0.22478224098268482, 0.21144128799604045, 0.19844785406067966, 0.19782168813463713, 0.19915637780477602, 0.1867636171012289, 0.18391385578819447, 0.18462547695926493], ""train_acc"": [0.7846428571428572, 0.8272142857142858, 0.8388809523809524, 0.8481904761904762, 0.8566428571428572, 0.8636666666666667, 0.8657738095238096, 0.8702380952380953, 0.8747380952380953, 0.8771666666666667, 0.8813809523809524, 0.8849761904761905, 0.8868452380952381, 0.8888571428571429, 0.890702380952381, 0.8960476190476191, 0.8951785714285715, 0.8986071428571428, 0.9011785714285715, 0.9022261904761905], ""val_acc"": [0.8290555555555555, 0.8581666666666667, 0.8623333333333334, 0.8765000000000001, 0.8725, 0.8777777777777778, 0.8882222222222222, 0.8929444444444445, 0.8871666666666667, 0.9007777777777778, 0.9067777777777778, 0.8849444444444445, 0.9013888888888889, 0.9093888888888889, 0.9157777777777778, 0.9166111111111112, 0.914888888888889, 0.9211111111111111, 0.9219444444444445, 0.9219444444444445], ""train_f1"": [0.7502927220485526, 0.8147769734331423, 0.8289860433032173, 0.8396945621960218, 0.849795855244667, 0.857883136274762, 0.8605038337031042, 0.8656197192015411, 0.8707318835355397, 0.8734718570865151, 0.8781145427112581, 0.8821569999938029, 0.8841418556880158, 0.8863415761664982, 0.888410758925667, 0.8940213666292604, 0.8932626295715245, 0.8967386686108849, 0.8995759781810092, 0.9006477842392737], ""val_f1"": [0.8235205462671433, 0.8511539442462082, 0.8528437306724452, 0.8723924963076638, 0.8722665015069929, 0.8779664284480372, 0.8877401973521456, 0.8918495288461668, 0.8869002985425191, 0.8973653272503948, 0.9059265031602667, 0.8872223070126034, 0.9016020313554389, 0.9093316575475663, 0.9140737918810852, 0.9160856890092208, 0.9149140696644806, 0.9200463947007727, 0.9220106536338739, 0.9221638964987453]}",weak_augm
0.001,CE,adam,step_lr,0.9098054553450162,5,"{""train_loss"": [0.496715821657862, 0.43600471932547435, 0.4071446918930326, 0.38690056451161703, 0.3673892199680919, 0.35195606935308094, 0.33706182252509254, 0.2884215954911141, 0.2782030273051489, 0.2636679375796091, 0.2580642381849743, 0.25081292579287573, 0.2472896212481317, 0.24287663141744478, 0.2329676936864853, 0.23015757279452823, 0.23125165560983477, 0.22984471651202157, 0.2277386029689085, 0.22680131136235737], ""val_loss"": [0.5210858769681719, 0.4020873891181416, 0.36382019390000236, 0.36362400300304093, 0.35302431652694943, 0.33288675453596644, 0.32979898742172453, 0.23436328067092432, 0.23235272222674555, 0.22428467338697777, 0.23053866680711507, 0.23153955051385694, 0.23096944801012675, 0.22603112560469243, 0.2134670843405442, 0.21140061773628824, 0.20952272914122377, 0.2043937660453634, 0.21042216684793433, 0.20418548438201348], ""train_acc"": [0.7734642857142857, 0.8082142857142858, 0.8223690476190476, 0.8296666666666667, 0.8380714285714286, 0.8457619047619048, 0.8515714285714286, 0.8737857142857143, 0.8790357142857144, 0.8845119047619048, 0.8882976190476191, 0.8918690476190476, 0.8924285714285715, 0.895154761904762, 0.8992380952380953, 0.9005238095238095, 0.9009285714285714, 0.9014642857142857, 0.9019642857142858, 0.9023571428571429], ""val_acc"": [0.748, 0.8218888888888889, 0.839388888888889, 0.8382777777777778, 0.8458888888888889, 0.8506666666666667, 0.8514444444444444, 0.8978333333333334, 0.8981111111111112, 0.9033333333333333, 0.8997777777777778, 0.9002222222222223, 0.8993888888888889, 0.9036111111111111, 0.9084444444444445, 0.9096111111111111, 0.9095555555555556, 0.9110555555555556, 0.909, 0.9121111111111112], ""train_f1"": [0.7310740500320966, 0.7844171628247142, 0.8028878833348454, 0.8127264615449356, 0.8239636849333765, 0.8335116301453127, 0.8410307358476008, 0.8676103468100157, 0.8740943204931235, 0.8803879652798139, 0.8845695728528444, 0.8885262630180764, 0.8891508002198855, 0.8922369751068963, 0.8963430883332764, 0.8980974295713255, 0.8983256020899533, 0.8990734359873374, 0.8996738620388925, 0.9000233991446879], ""val_f1"": [0.7564196986159855, 0.8103710974758035, 0.8188909012153858, 0.814044700317796, 0.824293823117458, 0.8348204425925481, 0.8503024732620321, 0.8930702997099359, 0.8945968668870391, 0.899980058142304, 0.894606797497156, 0.8990913179402757, 0.8975790745307716, 0.8992619039416238, 0.9045693669792533, 0.9060334883999839, 0.9069618840665234, 0.9082361656773164, 0.9058252427184467, 0.9098054553450162]}",weak_augm
0.0001,CE,adam,step_lr,0.9590242480103326,6,"{""train_loss"": [0.34646942560161864, 0.2754293837149938, 0.24959517133803594, 0.22633293341880753, 0.20874534148545493, 0.20032805899708045, 0.18893689190702778, 0.14769899893587543, 0.1354430119941632, 0.13148983929732017, 0.12838453972587982, 0.12416356578859544, 0.12135326293075369, 0.12213404576161078, 0.1174541181783591, 0.11560599533716838, 0.11474692920347054, 0.11329813700772468, 0.11442869991223727, 0.11284428076481536], ""val_loss"": [0.31455139787329567, 0.2360887275547203, 0.25171810730629496, 0.18750545781850814, 0.16156582859500002, 0.15682094258318344, 0.34939867334895663, 0.11696790756245092, 0.11181074900829441, 0.11180189104622695, 0.10577364871287459, 0.10718757639582813, 0.10588111241123019, 0.10321015271865246, 0.102711319438544, 0.1015182206288187, 0.10135313357637238, 0.10206699687497328, 0.10213925690690909, 0.1011165131053551], ""train_acc"": [0.844, 0.8777976190476191, 0.8913928571428572, 0.9023333333333333, 0.9102857142857144, 0.9144880952380953, 0.9191309523809524, 0.9383333333333334, 0.9426071428571429, 0.9445833333333333, 0.9467619047619048, 0.9480714285714286, 0.9493690476190476, 0.9491785714285714, 0.9518809523809524, 0.9513452380952381, 0.9518571428571428, 0.9523214285714287, 0.9523571428571429, 0.9529166666666667], ""val_acc"": [0.8631666666666667, 0.8990555555555556, 0.8884444444444445, 0.9184444444444445, 0.9321666666666667, 0.9338888888888889, 0.8445, 0.9508888888888889, 0.9538333333333334, 0.9538888888888889, 0.9560000000000001, 0.9567222222222223, 0.9566111111111112, 0.9566666666666667, 0.9574444444444445, 0.9589444444444445, 0.9584444444444445, 0.958388888888889, 0.9581111111111111, 0.9588888888888889], ""train_f1"": [0.8370546381101147, 0.8748349271895037, 0.8894868064705547, 0.9010380007767482, 0.909235030303926, 0.9136644543113736, 0.9184763101169996, 0.9380999904072541, 0.9424309531261216, 0.9444385375843889, 0.9466362244231004, 0.9479808031570486, 0.9492729131453431, 0.9490565315474911, 0.9518024120070543, 0.9512504945171077, 0.951783221150298, 0.9522301286659633, 0.9522578124057179, 0.952832595823341], ""val_f1"": [0.8672352871958395, 0.8950704933441246, 0.8924734003024978, 0.9198908328023793, 0.9310755539845726, 0.9340245938703909, 0.853527041314017, 0.9506998187163669, 0.9536892146157839, 0.9539734929632325, 0.9557071513904126, 0.9564936087327724, 0.9564922033007761, 0.956653808124336, 0.9574223213158295, 0.9590242480103326, 0.9584228411804704, 0.9584485613587982, 0.9578979916551871, 0.9586669102143431]}",weak_augm
0.001,CE,adam,plateau_lr,0.9585870395826003,7,"{""train_loss"": [0.4881563510497411, 0.41638822145689103, 0.38800955104827883, 0.36492638371104286, 0.34600368344783783, 0.330370517605827, 0.31225629125890275, 0.2974935085290954, 0.278562288519882, 0.25924402441864924, 0.2446798459632056, 0.23457928694713684, 0.2251979963183403, 0.21499523130626905, 0.20396072585525968, 0.19895503202790304, 0.19610670844146183, 0.18665604927639168, 0.18076088332633178, 0.1719615866116115], ""val_loss"": [0.4733672206865417, 0.376701158867942, 0.3728737775021129, 0.44995321689711676, 0.2942878327584929, 0.30352798826826943, 0.38998468119568297, 0.331723610136244, 0.2859387962428025, 0.2029768635365698, 0.2482764331661682, 0.18031728658059404, 0.18368671727521965, 0.22101081004076534, 0.1615266546657723, 0.20700276292694939, 0.1879264518455861, 0.24395200883532298, 0.09972344676667773, 0.12568822062769647], ""train_acc"": [0.7780714285714286, 0.8173928571428571, 0.8303571428571429, 0.8386666666666667, 0.8474761904761905, 0.8547857142857143, 0.8632261904761905, 0.8702619047619048, 0.8792857142857143, 0.8895000000000001, 0.8937857142857143, 0.8999285714285714, 0.9042142857142857, 0.9098214285714286, 0.9144166666666667, 0.9167500000000001, 0.9180595238095238, 0.9219880952380952, 0.9248571428571429, 0.9284761904761905], ""val_acc"": [0.7986666666666667, 0.8357777777777778, 0.8355555555555556, 0.7913888888888889, 0.8696666666666667, 0.8668333333333333, 0.8260555555555555, 0.8435, 0.8942222222222223, 0.9123888888888889, 0.896, 0.9268333333333334, 0.9223333333333333, 0.9015555555555556, 0.9414444444444445, 0.9122222222222223, 0.9231111111111111, 0.9193888888888889, 0.959388888888889, 0.9492222222222223], ""train_f1"": [0.7414823652948946, 0.7977932242655216, 0.8141647319302714, 0.8251943013398261, 0.8358747607658079, 0.8453439994715252, 0.8560403091466551, 0.8645769893114356, 0.8749505993528337, 0.8861580087215849, 0.890785788179788, 0.8972993284268381, 0.901962405250038, 0.9079840563092879, 0.9127622167686977, 0.9153090925369333, 0.9166853300548391, 0.920859825434917, 0.9238064118749427, 0.9276029960950105], ""val_f1"": [0.7850359504802408, 0.8194419371906999, 0.8319046991650182, 0.7999209787804095, 0.861826659089549, 0.8656763438581621, 0.8316188348089697, 0.8486424240186469, 0.8854657517609911, 0.9092582154626333, 0.8921218160125994, 0.9248146125464064, 0.9180996661941229, 0.904574750989459, 0.9399572183270446, 0.9094695761192773, 0.9183864898352531, 0.9138272507989587, 0.9585870395826003, 0.9478140581958074]}",weak_augm
0.0001,CE,adam,plateau_lr,0.9548141067688091,8,"{""train_loss"": [0.347186144726617, 0.27510242867469786, 0.24581733188742683, 0.22544846386285056, 0.21312179588136218, 0.20057828727506455, 0.19034758889107478, 0.17983093656741436, 0.17164612875382104, 0.16878052581775757, 0.1606760427469299, 0.15415775459933848, 0.15028160984849645, 0.14610995135314409, 0.1400924522142325, 0.14159902108886413, 0.13581703861128716, 0.1280090322934446, 0.12878253699235973, 0.12228372538976726], ""val_loss"": [0.5035293996466531, 0.2295154770049784, 0.18683154979389574, 0.22935177994436687, 0.15386405327171088, 0.16426140107990553, 0.1597661272842799, 0.170532229412761, 0.18513144826424024, 0.1855153010181255, 0.18737133549614293, 0.12698670871762766, 0.1466379027826026, 0.13145505654563505, 0.11768473964960625, 0.12303357239522868, 0.36165240160458617, 0.13627902965494043, 0.10843557143599415, 0.11866867194640347], ""train_acc"": [0.8428095238095238, 0.8789285714285715, 0.8944166666666666, 0.9031666666666667, 0.9073571428571429, 0.9141785714285715, 0.9183214285714286, 0.923404761904762, 0.9272261904761905, 0.9281904761904762, 0.9321785714285714, 0.9357738095238095, 0.9368452380952381, 0.9397142857142857, 0.9414404761904762, 0.9399166666666667, 0.9434166666666667, 0.9466071428571429, 0.9461309523809525, 0.9497380952380953], ""val_acc"": [0.7812222222222223, 0.901888888888889, 0.9226666666666667, 0.9008333333333334, 0.9345, 0.9325555555555556, 0.9354444444444445, 0.9263333333333333, 0.9262222222222223, 0.9213888888888889, 0.9196111111111112, 0.9487777777777778, 0.9427222222222222, 0.9459444444444445, 0.9508888888888889, 0.9516666666666667, 0.8541111111111112, 0.9448888888888889, 0.9549444444444445, 0.9530555555555557], ""train_f1"": [0.8358682722300712, 0.8758439304116672, 0.8925754711927877, 0.9018353519044718, 0.9064252765373274, 0.9133474714817047, 0.9176448133513824, 0.9229169764023031, 0.9268318294976451, 0.9277440676975269, 0.9318664265817939, 0.9354803435708948, 0.9365650468563989, 0.9394871611317658, 0.9412376703535429, 0.9396937668170607, 0.9432346254919884, 0.9464650256477294, 0.9459655803558805, 0.9495932437062017], ""val_f1"": [0.7948332850106318, 0.9026497202592927, 0.9224635561819529, 0.9033534626412726, 0.9344781302462076, 0.9321966527544661, 0.934556901269648, 0.9276398121907051, 0.9231611162523025, 0.9230326704734175, 0.9218854257721905, 0.9484851890002186, 0.9418107214405348, 0.9465000869441184, 0.951303139770665, 0.9518147166791033, 0.8624639676669751, 0.9437444527078492, 0.9548141067688091, 0.9530398813045338]}",weak_augm
0.001,Weighted CE,sgd,step_lr,0.9397190534130855,9,"{""train_loss"": [0.47005685188089097, 0.36635398250534423, 0.32790638225986846, 0.3029814732046354, 0.2820514093211719, 0.26864777956406277, 0.26084399301239425, 0.21400579844486145, 0.20192356472214062, 0.19531421439491567, 0.1960527183087099, 0.1900961859971285, 0.189843979653858, 0.18563579857278437, 0.18212158704229764, 0.1803131219517617, 0.17922687083500483, 0.1806895146270593, 0.18084675593958013, 0.17998234703711102], ""val_loss"": [0.38069025878111523, 0.27032481375502215, 0.3377657442556487, 0.2283618152745896, 0.31743975564837457, 0.2589956742943161, 0.19061550194728705, 0.1780382737930243, 0.17744079036762317, 0.14830215618707654, 0.1650064546323071, 0.1510836444861359, 0.16133106619492174, 0.15841304904657105, 0.16114595235760013, 0.15600219235258797, 0.15686188382013805, 0.14902333563400638, 0.14456935895410264, 0.14408601481777927], ""train_acc"": [0.7675119047619048, 0.822797619047619, 0.8453809523809525, 0.8596428571428572, 0.8684166666666667, 0.8766904761904762, 0.8820714285714286, 0.9047142857142857, 0.909452380952381, 0.9123809523809524, 0.9132738095238095, 0.9155, 0.9158928571428572, 0.9168452380952381, 0.9199761904761905, 0.9212976190476191, 0.9203571428571429, 0.9197500000000001, 0.919952380952381, 0.9204285714285715], ""val_acc"": [0.8103333333333333, 0.8748333333333334, 0.8505555555555556, 0.8967222222222223, 0.8481666666666667, 0.8758333333333334, 0.9147222222222222, 0.9211111111111111, 0.9215555555555556, 0.9362777777777779, 0.9264444444444445, 0.9335555555555556, 0.9283888888888889, 0.9307777777777778, 0.9296666666666668, 0.9322777777777779, 0.9328888888888889, 0.935, 0.9375555555555556, 0.9384444444444445], ""train_f1"": [0.7796330727711415, 0.8310967857100064, 0.8520390002414647, 0.8653303631270544, 0.8735130102706462, 0.8812440483493116, 0.8862681999917037, 0.9076047778800144, 0.9121460532707795, 0.9148920216169789, 0.9157356434627653, 0.9178821221077488, 0.918219018899348, 0.9191441214650092, 0.9221189670598221, 0.9233448011865316, 0.922486985318282, 0.9218992921353942, 0.9220930477249817, 0.9225592347259522], ""val_f1"": [0.82121946937661, 0.8799782812169594, 0.8584688637220965, 0.8984435603074917, 0.8567030787315723, 0.8814225258768276, 0.9169494799572496, 0.9234265772266974, 0.9239019950616146, 0.9374788252082675, 0.9285235169787683, 0.9349507162703885, 0.930255342566735, 0.9325350405797419, 0.9316104294148042, 0.9339988072603426, 0.9346180944133472, 0.9365242921093486, 0.9388266876814365, 0.9397190534130855]}",weak_augm
0.0001,Weighted CE,sgd,step_lr,0.8812959656301834,10,"{""train_loss"": [0.5671465473629179, 0.45978560493105936, 0.4216128454946336, 0.3941377760455722, 0.37711826223418826, 0.35653343794459386, 0.3419478777760551, 0.3290478884918349, 0.32617154556229, 0.32601973114127203, 0.3257512602579026, 0.32390635567335857, 0.3214865929370835, 0.3191696954028947, 0.3185593602203187, 0.31766062648807253, 0.31760123984586625, 0.31537094976220814, 0.31585840267794474, 0.31596064939101537], ""val_loss"": [0.4545230442285538, 0.4164478373395072, 0.3593281454079681, 0.36042601468165714, 0.2927323541276985, 0.33865492110119927, 0.269317635887199, 0.3104329301979807, 0.30499840121136773, 0.28761241864495807, 0.2730348964201079, 0.29340804929203457, 0.2753142894903819, 0.28293688731392225, 0.30408416981167263, 0.302223592168755, 0.28394891978965864, 0.27648821246623995, 0.2951577025287681, 0.28018838720851474], ""train_acc"": [0.703702380952381, 0.7827380952380952, 0.8010238095238096, 0.8162261904761905, 0.8255, 0.8367380952380953, 0.8432619047619048, 0.8496666666666667, 0.8521428571428572, 0.8516666666666667, 0.8523928571428572, 0.8534285714285714, 0.8552142857142857, 0.8549880952380953, 0.8546309523809524, 0.8554761904761905, 0.8570595238095239, 0.8567857142857143, 0.8568333333333333, 0.8563333333333334], ""val_acc"": [0.7794444444444445, 0.8026666666666668, 0.8312777777777778, 0.8308333333333334, 0.8688333333333333, 0.8417777777777778, 0.8778333333333334, 0.8581666666666667, 0.8587777777777779, 0.8694444444444445, 0.8761111111111112, 0.866, 0.8754444444444445, 0.8721111111111112, 0.8604444444444445, 0.8618888888888889, 0.8702777777777778, 0.8743333333333334, 0.8652222222222222, 0.8727777777777779], ""train_f1"": [0.7207519589484931, 0.7929488154498138, 0.8098899313964745, 0.8239973773814677, 0.8327322860316041, 0.8432939737882812, 0.8494937226379301, 0.8554144933641744, 0.8577669549259226, 0.8573074865440313, 0.858082479477973, 0.8589513502485191, 0.8605456438724505, 0.8604404604128644, 0.8602140446611697, 0.8609585752692358, 0.8624028344798326, 0.8621331341212208, 0.8621884993601525, 0.8616743802340208], ""val_f1"": [0.78972221715648, 0.812225562386003, 0.8384977094118025, 0.8391493942164618, 0.8728659470308401, 0.8497731390692923, 0.8812959656301834, 0.8645033500616272, 0.8651478355898246, 0.874466900804801, 0.8804661276777522, 0.8716194924947209, 0.879948570091216, 0.8771951298800134, 0.8668470892555948, 0.8682101635141364, 0.875481032965231, 0.8789964017948697, 0.8709975647950826, 0.8777050155550845]}",weak_augm
0.001,Weighted CE,sgd,plateau_lr,0.9478856103024581,11,"{""train_loss"": [0.4629352901606333, 0.3667059420347214, 0.3329968925913175, 0.30353490476948874, 0.2846753838232585, 0.2698430518323467, 0.2569885813664822, 0.24433277588089308, 0.23741888043000584, 0.23322133950818152, 0.22140827963962442, 0.21939002462370055, 0.2094778731252466, 0.20696244916497242, 0.20156485747510478, 0.1912454412693069, 0.19158745122452578, 0.18727139750619728, 0.15269103762471958, 0.1429460076762452], ""val_loss"": [0.35592053341203267, 0.2949542456782526, 0.333685065653589, 0.2861181602974733, 0.2089154255249434, 0.27812601762016614, 0.2171559426113963, 0.16760340380565159, 0.3475122224357393, 0.15694611649680235, 0.20332610014826058, 0.28966445110241573, 0.23572416949396333, 0.18149557662568985, 0.18512589930339407, 0.2365816958712207, 0.15847578096468673, 0.19928105768230225, 0.12460311159822676, 0.1229656868773616], ""train_acc"": [0.77025, 0.8263928571428572, 0.8434166666666667, 0.8582500000000001, 0.8692738095238095, 0.8750595238095238, 0.8833809523809524, 0.8888452380952381, 0.8916309523809524, 0.8952261904761905, 0.9006904761904763, 0.9020476190476191, 0.9059642857142858, 0.9076428571428572, 0.9103571428571429, 0.9151785714285715, 0.9155238095238095, 0.9172380952380953, 0.9331428571428572, 0.9371666666666667], ""val_acc"": [0.8317777777777778, 0.861, 0.8421111111111111, 0.8688333333333333, 0.9072222222222223, 0.8685555555555556, 0.9041666666666667, 0.928, 0.8330000000000001, 0.934, 0.9097222222222223, 0.8658888888888889, 0.8950555555555556, 0.9229444444444445, 0.9184444444444445, 0.8987222222222223, 0.9313333333333333, 0.9117222222222222, 0.9468333333333334, 0.9470555555555557], ""train_f1"": [0.7821187914089897, 0.8343498464948089, 0.8502395288858466, 0.8640172243942922, 0.8742957396546439, 0.8797145175948035, 0.8874467664104669, 0.8926306047339845, 0.8952851260532542, 0.898645955510463, 0.9038503301104162, 0.9050894906386672, 0.9088183830335259, 0.9104054549303936, 0.9129649013183433, 0.9175254451786509, 0.9178606546022404, 0.9194541890806133, 0.9346919175402523, 0.938547578439733], ""val_f1"": [0.8401818815829214, 0.866437124666454, 0.8509302928219746, 0.8745788450566334, 0.9094548965057787, 0.8752390668784372, 0.9076212571710184, 0.9286945399193286, 0.8430344968174263, 0.933866673092447, 0.9129269710388637, 0.8732579356882186, 0.8994120603367469, 0.925018891856166, 0.9208256256706552, 0.9030039153843576, 0.9318938949058854, 0.9148721893184294, 0.9476635631617614, 0.9478856103024581]}",weak_augm
0.0001,Weighted CE,sgd,plateau_lr,0.9110461538461537,12,"{""train_loss"": [0.5542037884678159, 0.4565171348878316, 0.4204013447193872, 0.39706911578632537, 0.3789688066244125, 0.36402831250145323, 0.3482841367551259, 0.33247147877443406, 0.32341337729635694, 0.31578208484536124, 0.3015643460466748, 0.2985091489922433, 0.2951384836293402, 0.28414266573247454, 0.27876182865812665, 0.27497456382853647, 0.26686880350822495, 0.26285287534764834, 0.2594111568785849, 0.2519449905540262], ""val_loss"": [0.5199531849755181, 0.40975460251172385, 0.38161369550890395, 0.3578011934889687, 0.3289085630840725, 0.3204325020710627, 0.3165227242973116, 0.2964862055149343, 0.3119257448249393, 0.2654546356697877, 0.26740461797018844, 0.26086159070663983, 0.2306386595732636, 0.22891042765892214, 0.2685194876674149, 0.2827358655068609, 0.23079960235456626, 0.27925957166983023, 0.2082483335170481, 0.21143288521758385], ""train_acc"": [0.7138690476190477, 0.7828690476190476, 0.8022142857142858, 0.8152738095238096, 0.824654761904762, 0.8334642857142858, 0.8394642857142858, 0.8485357142857143, 0.8532619047619048, 0.8562142857142857, 0.8643333333333334, 0.8652738095238095, 0.867202380952381, 0.8725595238095238, 0.8741190476190477, 0.8770476190476191, 0.8787619047619047, 0.8806190476190476, 0.8846428571428572, 0.8873214285714286], ""val_acc"": [0.7336111111111111, 0.8023888888888889, 0.820388888888889, 0.8338333333333334, 0.8464444444444444, 0.8525555555555556, 0.8515555555555556, 0.8626666666666667, 0.8559444444444445, 0.879, 0.8781111111111112, 0.8812777777777778, 0.898, 0.8997777777777778, 0.8805555555555556, 0.8727222222222223, 0.8961666666666667, 0.8768888888888889, 0.9082222222222223, 0.9072777777777778], ""train_f1"": [0.7300913239041784, 0.7929386718298729, 0.8109033873917367, 0.8232259770709558, 0.832010897126468, 0.840164305598277, 0.8459573163582529, 0.8544453328990366, 0.8588996249965352, 0.861733222257384, 0.8693367228326961, 0.8702392809760388, 0.8720404340987216, 0.8770991873376878, 0.8785951061171848, 0.8813391434954716, 0.8830177212538509, 0.8847044735489894, 0.8885144236165676, 0.8911105771722152], ""val_f1"": [0.750758410488936, 0.8125860319512197, 0.8297277120422778, 0.8416910788861799, 0.8531677096189071, 0.8593201333138332, 0.8586346134054295, 0.8687269585746178, 0.8625927164754381, 0.8834736977974792, 0.8830281685479713, 0.8861772438730023, 0.9009780985908196, 0.9027858065167458, 0.8858218871861753, 0.8787808635479715, 0.9000033448453085, 0.8825101205297528, 0.9110461538461537, 0.9101792909511834]}",weak_augm
0.001,Weighted CE,adam,step_lr,0.937962067170644,13,"{""train_loss"": [0.5940786393029349, 0.5134963710137775, 0.47608796522730873, 0.45224869409061613, 0.42844452120008925, 0.41086933613958815, 0.3859826043957756, 0.31922219756955195, 0.29882289108492077, 0.2875889175959996, 0.2769678429861863, 0.2703123417496681, 0.263866905209564, 0.25660254240603675, 0.2478435031459445, 0.23943114374081292, 0.24216939161363102, 0.23911951176893143, 0.23947306037942567, 0.2370166027957485], ""val_loss"": [0.44455717343091966, 0.4518800676729944, 0.44604566962189146, 0.3836620618369844, 0.3421425944301817, 0.3520593315760295, 0.382229848186175, 0.24592751396199067, 0.26916149464911887, 0.1998570029478934, 0.1900667903539207, 0.19482689088748562, 0.17604358948353263, 0.16544690866271655, 0.15902471704429222, 0.1567959322474069, 0.15640583847814965, 0.1505112601077805, 0.153483165005015, 0.15536563922464847], ""train_acc"": [0.6809880952380952, 0.7502857142857143, 0.7680238095238096, 0.7819404761904762, 0.7934404761904762, 0.8046666666666666, 0.8180357142857143, 0.8548333333333333, 0.865702380952381, 0.8723690476190477, 0.8779523809523809, 0.8819285714285715, 0.8854404761904762, 0.8883571428571428, 0.8917976190476191, 0.8967142857142857, 0.8957261904761905, 0.8966904761904763, 0.896952380952381, 0.8976547619047619], ""val_acc"": [0.8018333333333334, 0.7714444444444445, 0.7806666666666667, 0.8048888888888889, 0.846388888888889, 0.8326666666666667, 0.8055, 0.893, 0.8756111111111111, 0.9147777777777778, 0.9200555555555556, 0.9164444444444445, 0.9249444444444445, 0.9325555555555556, 0.9341666666666667, 0.9348333333333334, 0.9352222222222223, 0.9378888888888889, 0.9364444444444445, 0.9355555555555556], ""train_f1"": [0.7003514132050698, 0.762487973766849, 0.7793923893987906, 0.7922991293201435, 0.8030103021096267, 0.8134050916270765, 0.8258964042748274, 0.8602051722758932, 0.8704664689058506, 0.8766714267677659, 0.8818920795755238, 0.8856027905886734, 0.8889606722948167, 0.8916343786629397, 0.8949863248835547, 0.8996720506918783, 0.8986989165274338, 0.8996420334447837, 0.8998711951857344, 0.9004633608103206], ""val_f1"": [0.7972093332789785, 0.7820459448026552, 0.7918463900789012, 0.8146300301965332, 0.843572049757681, 0.839993177052152, 0.8165168955643863, 0.8946941548677522, 0.8805164854540112, 0.9160097075482411, 0.9204847289645467, 0.9175993051283826, 0.9255392837776117, 0.9325904362049457, 0.9340062592583441, 0.9346299022193916, 0.9355994074027223, 0.937962067170644, 0.9365286221971629, 0.9356971833409539]}",weak_augm
0.0001,Weighted CE,adam,step_lr,0.9524528896271265,14,"{""train_loss"": [0.4197930481831233, 0.33364685607807976, 0.2964019737811316, 0.27521891408307214, 0.25457783297981534, 0.2416428050654275, 0.23024039814018069, 0.18069929175149826, 0.16565494121398244, 0.1606683924286848, 0.1520345827326888, 0.14943177114923795, 0.15047962619044952, 0.14472966124117376, 0.13774135999842768, 0.13788587143094766, 0.13857806864629188, 0.13496747584499064, 0.1371600577359398, 0.13663442339393356], ""val_loss"": [0.36221047467986744, 0.21249039427646332, 0.19770435258601274, 0.23286926360097196, 0.1926097569151057, 0.558721566784713, 0.20501881512006123, 0.13193405390530824, 0.13107297319546343, 0.14651461010167582, 0.1205410563049631, 0.11979151142362712, 0.1312445022276499, 0.12048941048886627, 0.1182156697293847, 0.12212671849778337, 0.12369149850808188, 0.11804082818748429, 0.1167593145669412, 0.12845888481033035], ""train_acc"": [0.7953928571428571, 0.8438809523809524, 0.8654880952380952, 0.8758095238095238, 0.8858809523809524, 0.893547619047619, 0.8979404761904762, 0.920952380952381, 0.9269761904761905, 0.9301190476190476, 0.9330357142857143, 0.9349285714285714, 0.9337857142857143, 0.9361904761904762, 0.9405119047619048, 0.9399880952380952, 0.9392738095238096, 0.9407619047619048, 0.9396547619047619, 0.9399166666666667], ""val_acc"": [0.8241666666666667, 0.9055555555555556, 0.9123888888888889, 0.8915555555555555, 0.9178333333333334, 0.7570555555555556, 0.9131111111111112, 0.9439444444444445, 0.9449444444444445, 0.9378888888888889, 0.9488333333333334, 0.9506111111111112, 0.9455, 0.9497222222222222, 0.9512777777777778, 0.949388888888889, 0.9490000000000001, 0.9516666666666667, 0.9515555555555556, 0.9474444444444445], ""train_f1"": [0.8056720793776424, 0.8505113161343562, 0.8706704557256675, 0.8802960139256096, 0.8898070103603447, 0.89703266723356, 0.9011256709214152, 0.9230016785333812, 0.928785690472904, 0.9317818132054332, 0.9346214672176318, 0.9363992102003079, 0.9353206786474264, 0.937640349538953, 0.9417616166838305, 0.9412741094650784, 0.940587125896022, 0.9420287728048573, 0.9409798811573606, 0.9411960331495717], ""val_f1"": [0.8346241925488019, 0.9055834976694627, 0.9136415044252953, 0.8962785994310536, 0.9192129002217573, 0.7733258399130998, 0.9157497013672059, 0.944947075424239, 0.9458518991804961, 0.9394452664859517, 0.949532382485713, 0.9514221219904072, 0.9465467127249366, 0.9505725430678863, 0.9520476946842625, 0.9503307037636922, 0.9499688655311184, 0.9524528896271265, 0.9522343684766325, 0.9485296301435577]}",weak_augm
0.001,Weighted CE,adam,plateau_lr,0.9457066653641195,15,"{""train_loss"": [0.5930602307660239, 0.5210185279732659, 0.4804976180110659, 0.45111623409248536, 0.43011001153219314, 0.41475091398897623, 0.39765716821239105, 0.38041713663509913, 0.36134269517943973, 0.3460233705242475, 0.32856350454546157, 0.3119205760473297, 0.29525925751810983, 0.2834473838579087, 0.2692750801160222, 0.2610308227780319, 0.24961255303450994, 0.24363786298746154, 0.23874704045483044, 0.2312733184411412], ""val_loss"": [0.45706472129954234, 0.3966732303169039, 0.43287200276056925, 0.38904510726531344, 0.32354890632629396, 0.34555721443229254, 0.3385225832959016, 0.2549932641138633, 0.2975152365581857, 0.2555377496766547, 0.19692571707525186, 0.21876371338947986, 0.3616552613079548, 0.13888296863602267, 0.1995077564716339, 0.15205612792260945, 0.17277335550294567, 0.22449803315734285, 0.15173403673080935, 0.1316441791772118], ""train_acc"": [0.6838690476190477, 0.7412380952380953, 0.767452380952381, 0.7803333333333333, 0.7923095238095238, 0.8029166666666667, 0.8108214285714286, 0.8232380952380952, 0.8327142857142857, 0.843297619047619, 0.8535, 0.8606904761904762, 0.8712857142857143, 0.8764285714285714, 0.8826190476190476, 0.8870357142857143, 0.8917380952380952, 0.8951428571428571, 0.8989404761904762, 0.9020119047619047], ""val_acc"": [0.7813333333333333, 0.8118888888888889, 0.7916111111111112, 0.8118333333333334, 0.8578333333333333, 0.8362222222222223, 0.8451111111111111, 0.8905000000000001, 0.8626111111111111, 0.8952777777777778, 0.9156666666666667, 0.9109444444444444, 0.8486111111111112, 0.9455555555555556, 0.9222777777777779, 0.937, 0.9326666666666668, 0.9047222222222223, 0.9343888888888889, 0.9449444444444445], ""train_f1"": [0.7027903183582563, 0.7545473216214462, 0.77868330831771, 0.7908505079058518, 0.8019421370449266, 0.8116801204183541, 0.8190833464658724, 0.8307466625039516, 0.8395197121423177, 0.84931889886383, 0.8588577943826191, 0.8656289213569707, 0.8755527658517785, 0.8804084111271643, 0.8862905306605968, 0.8904545473844601, 0.8949362635437844, 0.8981374637508651, 0.9017605276195164, 0.9046250504324115], ""val_f1"": [0.7753515415951567, 0.8145486100699145, 0.8007631800329152, 0.8209704121438814, 0.8515995279085768, 0.843724221942956, 0.8511165395882124, 0.889870233439012, 0.8658368208512398, 0.8902143105306461, 0.9158581107284145, 0.9075739889560696, 0.8567373252005452, 0.9457066653641195, 0.9201333659471697, 0.9353823896556213, 0.9298729464591797, 0.9001464765258388, 0.9341135497342192, 0.9443272315553537]}",weak_augm
0.0001,Weighted CE,adam,plateau_lr,0.9517776736300221,16,"{""train_loss"": [0.4178410180182684, 0.3345988306034179, 0.30389149959598266, 0.27723883247943154, 0.25932201286440804, 0.24062151572250184, 0.22894518210064796, 0.21833966595289253, 0.2119600445805561, 0.19946217598943483, 0.19680641066744214, 0.19056137168975104, 0.18377987542854887, 0.17897942503577188, 0.1760917691854494, 0.16793366995347397, 0.16774279666869413, 0.16112458094102997, 0.15237228568856206, 0.15000964347698859], ""val_loss"": [0.3667272573245896, 0.24830116023951107, 0.19890339051849312, 0.22290028090154132, 0.2586006468484799, 0.21299867825830976, 0.18339944243679443, 0.16333246736300902, 0.3490225041574902, 0.3168617638283306, 0.14442005802654764, 0.15998831133766928, 0.14723394042545826, 0.21583229114198021, 0.15083152232950023, 0.23365863969756498, 0.14711149134785714, 0.11906399584996204, 0.12929111447723377, 0.15200811459662186], ""train_acc"": [0.7940238095238096, 0.8437380952380953, 0.8606190476190476, 0.8743095238095239, 0.8829285714285715, 0.8921071428571429, 0.9000476190476191, 0.9021190476190476, 0.9049642857142858, 0.911702380952381, 0.9141428571428571, 0.9158452380952381, 0.9200714285714287, 0.9209166666666667, 0.9223095238095238, 0.9278928571428572, 0.928, 0.93, 0.9338690476190477, 0.9351428571428572], ""val_acc"": [0.8341666666666667, 0.8937222222222223, 0.9135000000000001, 0.9011666666666667, 0.8867222222222223, 0.9053333333333333, 0.9192777777777779, 0.9320555555555556, 0.8343333333333334, 0.8647222222222223, 0.9383333333333334, 0.9341666666666667, 0.9400555555555556, 0.9120555555555556, 0.9360555555555556, 0.902888888888889, 0.9400000000000001, 0.9514444444444445, 0.9475, 0.9352222222222223], ""train_f1"": [0.8044257872460926, 0.8503957526951944, 0.8661025180102355, 0.8789038450975789, 0.8870101572969102, 0.8956477344039692, 0.9031526667683236, 0.905156610804337, 0.9078415435066078, 0.9142058666877478, 0.9165632381855571, 0.918167017034519, 0.922177720210616, 0.9229911163984089, 0.9243074089240001, 0.9296270956679514, 0.9297235067878029, 0.9316555440604775, 0.9353600112364306, 0.9365809613628465], ""val_f1"": [0.8409967814610202, 0.8969522802366148, 0.9155840044873385, 0.9044046724751091, 0.8916754328719088, 0.9089256166912467, 0.9219028583278783, 0.9329968095568634, 0.8441536410586812, 0.8720660696303886, 0.9395632908447001, 0.9353362159416022, 0.9402197717872572, 0.9150958497043921, 0.937484622731764, 0.9067861209510371, 0.9392902250580315, 0.9517776736300221, 0.9484071531279745, 0.9370801232633473]}",weak_augm
